ring,pose_ring,iv,sx,sy,Ndotv,face,faceL,faceR
0,0,0,116.4,843.3,0.977,A,A,A
1,2,0,117.6,841.5,0.977,A,A,A
2,3,0,118.8,839.7,0.977,A,A,A
3,5,0,120.0,837.9,0.978,A,A,A
4,6,0,121.2,836.1,0.978,A,A,A
5,7,0,122.4,834.3,0.978,A,A,A
6,9,0,123.7,832.5,0.977,A,A,A
7,10,0,124.9,830.7,0.978,A,A,A
8,11,0,126.1,828.9,0.978,A,A,A
9,12,0,127.4,827.1,0.978,A,A,A
10,12,0,128.6,825.4,0.978,A,A,A
11,13,0,129.9,823.6,0.977,A,A,A
12,14,0,131.2,821.9,0.977,A,A,A
13,15,0,132.5,820.2,0.976,A,A,A
14,16,0,133.9,818.5,0.975,A,A,A
15,17,0,135.2,816.8,0.974,A,A,A
16,17,0,136.6,815.2,0.973,A,A,A
17,18,0,138.0,813.5,0.973,A,A,A
18,19,0,139.4,811.9,0.973,A,A,A
19,19,0,140.8,810.3,0.973,A,A,A
20,20,0,142.2,808.7,0.974,A,A,A
21,21,0,143.7,807.1,0.975,A,A,A
22,22,0,145.1,805.5,0.974,A,A,A
23,22,0,146.6,803.9,0.974,A,A,A
24,23,0,148.1,802.4,0.974,A,A,A
25,24,0,149.6,800.8,0.975,A,A,A
26,25,0,151.1,799.3,0.976,A,A,A
27,25,0,152.6,797.8,0.977,A,A,A
28,26,0,154.1,796.2,0.979,A,A,A
29,27,0,155.7,794.7,0.981,A,A,A
30,28,0,157.2,793.2,0.983,A,A,A
31,29,0,158.7,791.7,0.984,A,A,A
32,30,0,160.3,790.2,0.985,A,A,A
33,31,0,161.8,788.7,0.987,A,A,A
34,32,0,163.4,787.2,0.988,A,A,A
35,33,0,165.0,785.7,0.989,A,A,A
36,34,0,166.6,784.2,0.990,A,A,A
37,36,0,168.1,782.7,0.991,A,A,A
38,37,0,169.7,781.2,0.992,A,A,A
39,38,0,171.3,779.7,0.993,A,A,A
40,39,0,172.9,778.2,0.994,A,A,A
41,41,0,174.5,776.7,0.995,A,A,A
42,42,0,176.1,775.2,0.996,A,A,A
43,44,0,177.7,773.7,0.996,A,A,A
44,45,0,179.3,772.3,0.997,A,A,A
45,46,0,180.9,770.8,0.997,A,A,A
46,48,0,182.6,769.3,0.997,A,A,A
47,49,0,184.2,767.8,0.997,A,A,A
48,50,0,185.8,766.4,0.997,A,A,A
49,52,0,187.4,765.0,0.996,A,A,A
50,53,0,189.1,763.5,0.996,A,A,A
51,54,0,190.8,762.1,0.997,A,A,A
52,55,0,192.4,760.7,0.997,A,A,A
53,57,0,194.1,759.3,0.997,A,A,A
54,58,0,195.8,757.9,0.997,A,A,A
55,59,0,197.5,756.5,0.996,A,A,A
56,60,0,199.1,755.2,0.996,A,A,A
57,62,0,200.8,753.8,0.996,A,A,A
58,63,0,202.6,752.5,0.996,A,A,A
59,64,0,204.3,751.1,0.995,A,A,A
60,65,0,206.0,749.8,0.995,A,A,A
61,66,0,207.7,748.5,0.994,A,A,A
62,68,0,209.5,747.2,0.994,A,A,A
63,69,0,211.2,745.9,0.994,A,A,A
64,70,0,213.0,744.6,0.994,A,A,A
65,72,0,214.7,743.4,0.994,A,A,A
66,73,0,216.5,742.1,0.995,A,A,A
67,74,0,218.3,740.9,0.995,A,A,A
68,76,0,220.1,739.7,0.995,A,A,A
69,77,0,221.9,738.5,0.995,A,A,A
70,78,0,223.7,737.3,0.995,A,A,A
71,80,0,225.5,736.1,0.996,A,A,A
72,81,0,227.3,734.9,0.996,A,A,A
73,83,0,229.2,733.8,0.996,A,A,A
74,84,0,231.0,732.7,0.997,A,A,A
75,86,0,232.9,731.5,0.997,A,A,A
76,88,0,234.7,730.4,0.998,A,A,A
77,89,0,236.6,729.3,0.998,A,A,A
78,91,0,238.5,728.2,0.998,A,A,A
79,93,0,240.4,727.2,0.998,A,A,A
80,94,0,242.3,726.1,0.998,A,A,A
81,96,0,244.2,725.1,0.999,A,A,A
82,98,0,246.1,724.0,0.999,A,A,A
83,99,0,248.0,723.0,0.999,A,A,A
84,101,0,249.9,722.0,0.999,A,A,A
85,102,0,251.9,721.0,0.999,A,A,A
86,103,0,253.8,720.1,0.999,A,A,A
87,105,0,255.7,719.1,0.999,A,A,A
88,106,0,257.7,718.1,0.999,A,A,A
89,107,0,259.6,717.2,0.999,A,A,A
90,108,0,261.6,716.3,0.999,A,A,A
91,109,0,263.5,715.3,0.999,A,A,A
92,110,0,265.5,714.4,1.000,A,A,A
93,111,0,267.4,713.4,1.000,A,A,A
94,111,0,269.4,712.4,1.000,A,A,A
95,112,0,271.3,711.4,1.000,A,A,A
96,113,0,273.3,710.5,1.000,A,A,A
97,114,0,275.2,709.5,1.000,A,A,A
98,115,0,277.1,708.5,1.000,A,A,A
99,115,0,279.1,707.5,1.000,A,A,A
100,116,0,281.0,706.5,0.999,A,A,A
101,117,0,282.9,705.5,0.999,A,A,A
102,117,0,284.8,704.5,0.998,A,A,A
103,118,0,286.7,703.5,0.998,A,A,A
104,119,0,288.6,702.4,0.997,A,A,A
105,119,0,290.5,701.3,0.996,A,A,A
106,120,0,292.3,700.2,0.994,A,A,A
107,121,0,294.2,699.1,0.993,A,A,A
108,121,0,296.0,697.9,0.990,A,A,A
109,122,0,297.8,696.8,0.988,A,A,A
110,123,0,299.6,695.6,0.985,A,A,A
111,123,0,301.4,694.4,0.981,A,A,A
112,124,0,303.1,693.2,0.977,A,A,A
113,124,0,304.8,691.9,0.973,A,A,A
114,125,0,306.5,690.7,0.967,A,A,A
115,126,0,308.1,689.4,0.962,A,A,A
116,126,0,309.7,688.1,0.956,A,A,A
117,127,0,311.3,686.8,0.949,A,A,A
118,127,0,312.9,685.4,0.942,A,A,A
119,128,0,314.4,684.1,0.934,A,A,A
120,129,0,315.9,682.7,0.925,A,A,A
121,129,0,317.3,681.4,0.917,A,A,A
122,130,0,318.7,680.0,0.907,A,A,A
123,131,0,320.1,678.6,0.896,A,A,A
124,131,0,321.4,677.2,0.884,A,A,A
125,132,1,322.7,675.8,0.871,A,A,A
126,132,1,323.9,674.3,0.858,A,A,A
127,133,1,325.0,672.9,0.844,A,A,A
128,134,1,326.1,671.5,0.830,A,A,A
129,134,1,327.2,670.1,0.815,A,A,A
130,135,1,328.2,668.6,0.800,A,A,A
131,135,1,329.1,667.2,0.785,A,A,A
132,136,1,330.0,665.8,0.770,A,A,A
133,137,1,330.9,664.4,0.754,A,A,A
134,137,1,331.6,662.9,0.737,A,A,A
135,138,1,332.4,661.5,0.720,A,A,A
136,139,1,333.1,660.1,0.704,A,A,A
137,139,1,333.7,658.8,0.687,A,A,A
138,140,1,334.3,657.4,0.669,A,A,A
139,141,1,334.8,656.0,0.650,A,A,A
140,141,1,335.3,654.7,0.631,A,A,A
141,142,1,335.8,653.4,0.612,A,A,A
142,143,1,336.2,652.1,0.594,A,A,A
143,143,1,336.5,650.8,0.576,A,A,A
144,144,1,336.8,649.5,0.558,A,A,A
145,145,1,337.1,648.3,0.540,A,A,A
146,146,1,337.3,647.0,0.523,A,A,A
147,146,1,337.4,645.8,0.504,A,A,A
148,147,1,337.6,644.6,0.486,A,A,A
149,148,1,337.6,643.5,0.470,A,A,A
150,149,1,337.7,642.3,0.455,A,A,A
151,150,1,337.7,641.2,0.440,A,A,A
152,150,1,337.7,640.1,0.426,A,A,A
153,151,1,337.7,639.0,0.411,A,A,A
154,152,1,337.6,637.9,0.390,A,A,A
155,153,1,337.5,636.9,0.372,A,A,A
156,154,1,337.4,635.8,0.356,A,A,A
157,156,1,337.3,634.8,0.342,A,A,A
158,157,1,337.1,633.9,0.330,A,A,A
159,158,1,336.9,632.9,0.321,A,A,A
160,159,1,336.7,631.9,0.305,A,A,A
161,161,1,336.5,631.0,0.287,A,A,A
162,162,1,336.3,630.1,0.272,A,A,A
163,164,1,336.0,629.3,0.261,A,A,A
164,166,1,335.7,628.4,0.255,A,A,A
165,168,1,335.4,627.5,0.251,A,A,A
166,169,1,335.1,626.7,0.241,A,A,A
167,171,1,334.7,625.8,0.230,A,A,A
168,173,1,334.4,624.9,0.218,A,A,A
169,174,1,334.0,624.1,0.206,A,A,A
170,176,1,333.6,623.3,0.193,A,A,A
171,177,1,333.2,622.5,0.181,A,A,A
172,179,1,332.7,621.7,0.169,A,A,A
173,180,1,332.3,620.9,0.158,A,A,A
174,181,1,331.8,620.1,0.148,~,~,~
175,182,1,331.3,619.3,0.136,~,~,~
176,184,1,330.8,618.5,0.124,~,~,~
177,185,1,330.3,617.8,0.111,~,~,~
178,186,1,329.7,617.0,0.098,~,~,~
179,187,1,329.1,616.2,0.083,~,~,~
180,188,1,328.5,615.4,0.068,~,~,~
181,189,1,327.9,614.7,0.052,~,~,~
182,190,1,327.3,613.9,0.034,~,~,~
183,191,1,326.6,613.1,0.014,~,~,~
184,192,1,325.9,612.4,-0.009,~,~,~
185,193,1,325.2,611.6,-0.035,~,~,~
186,194,1,324.5,610.8,-0.062,~,~,~
187,194,1,323.7,610.1,-0.091,~,~,~
188,195,1,323.0,609.3,-0.123,~,~,~
189,196,1,322.2,608.5,-0.160,B,B,B
190,197,1,321.4,607.8,-0.201,B,B,B
191,198,1,320.6,607.0,-0.247,B,B,B
192,199,1,319.7,606.2,-0.296,B,B,B
193,199,1,318.8,605.5,-0.346,B,B,B
194,200,1,317.9,604.7,-0.394,B,B,B
195,201,1,317.0,604.0,-0.441,B,B,B
196,202,1,316.1,603.2,-0.485,B,B,B
197,203,1,315.1,602.5,-0.526,B,B,B
198,204,1,314.1,601.7,-0.561,B,B,B
199,204,1,313.1,601.0,-0.590,B,B,B
200,205,1,312.1,600.2,-0.615,B,B,B
201,206,1,311.1,599.5,-0.635,B,B,B
202,207,1,310.0,598.7,-0.650,B,B,B
203,208,1,308.9,598.0,-0.662,B,B,B
204,209,1,307.8,597.2,-0.671,B,B,B
205,210,1,306.7,596.5,-0.677,B,B,B
206,210,1,305.5,595.7,-0.681,B,B,B
207,211,1,304.4,595.0,-0.684,B,B,B
208,212,1,303.2,594.2,-0.685,B,B,B
209,213,1,301.9,593.5,-0.685,B,B,B
210,214,1,300.7,592.8,-0.684,B,B,B
211,215,1,299.5,592.0,-0.684,B,B,B
212,216,1,298.2,591.3,-0.683,B,B,B
213,216,1,296.9,590.6,-0.683,B,B,B
214,217,1,295.6,589.9,-0.682,B,B,B
215,218,1,294.3,589.2,-0.682,B,B,B
216,219,1,293.0,588.5,-0.681,B,B,B
217,219,1,291.7,587.8,-0.681,B,B,B
218,220,1,290.3,587.1,-0.681,B,B,B
219,221,1,289.0,586.4,-0.680,B,B,B
220,221,1,287.6,585.7,-0.680,B,B,B
221,222,1,286.2,585.0,-0.679,B,B,B
222,223,1,284.8,584.3,-0.679,B,B,B
223,223,1,283.4,583.7,-0.679,B,B,B
224,224,1,282.0,583.0,-0.679,B,B,B
225,225,1,280.5,582.3,-0.679,B,B,B
226,225,1,279.1,581.6,-0.679,B,B,B
227,226,2,277.6,581.0,-0.679,B,B,B
228,226,2,276.2,580.3,-0.679,B,B,B
229,227,2,274.7,579.6,-0.678,B,B,B
230,228,2,273.2,579.0,-0.679,B,B,B
231,228,2,271.7,578.3,-0.679,B,B,B
232,229,2,270.2,577.6,-0.679,B,B,B
233,229,2,268.7,577.0,-0.679,B,B,B
234,230,2,267.2,576.3,-0.680,B,B,B
235,231,2,265.7,575.7,-0.680,B,B,B
236,231,2,264.1,575.0,-0.680,B,B,B
237,232,2,262.6,574.4,-0.681,B,B,B
238,233,2,261.0,573.7,-0.681,B,B,B
239,233,2,259.4,573.1,-0.682,B,B,B
240,234,2,257.8,572.5,-0.683,B,B,B
241,235,2,256.2,571.8,-0.684,B,B,B
242,235,2,254.6,571.2,-0.684,B,B,B
243,236,2,253.0,570.6,-0.685,B,B,B
244,237,2,251.3,569.9,-0.686,B,B,B
245,237,2,249.7,569.3,-0.687,B,B,B
246,238,2,248.0,568.7,-0.688,B,B,B
247,239,2,246.3,568.1,-0.689,B,B,B
248,240,2,244.6,567.4,-0.690,B,B,B
249,241,2,243.0,566.8,-0.692,B,B,B
250,241,2,241.3,566.2,-0.693,B,B,B
251,242,2,239.6,565.6,-0.694,B,B,B
252,243,2,237.8,565.0,-0.695,B,B,B
253,244,2,236.1,564.4,-0.696,B,B,B
254,245,2,234.4,563.8,-0.697,B,B,B
255,246,2,232.6,563.2,-0.698,B,B,B
256,247,2,230.9,562.7,-0.700,B,B,B
257,249,2,229.1,562.2,-0.701,B,B,B
258,250,2,227.3,561.6,-0.703,B,B,B
259,251,2,225.6,561.1,-0.706,B,B,B
260,252,2,223.8,560.6,-0.708,B,B,B
261,254,2,222.0,560.1,-0.712,B,B,B
262,255,2,220.2,559.6,-0.714,B,B,B
263,256,2,218.4,559.1,-0.717,B,B,B
264,257,2,216.6,558.6,-0.720,B,B,B
265,258,2,214.8,558.1,-0.723,B,B,B
266,259,2,213.0,557.6,-0.726,B,B,B
267,260,2,211.1,557.1,-0.729,B,B,B
268,261,2,209.3,556.6,-0.733,B,B,B
269,263,2,207.5,556.2,-0.737,B,B,B
270,264,2,205.7,555.7,-0.741,B,B,B
271,265,2,203.8,555.2,-0.745,B,B,B
272,266,2,202.0,554.7,-0.748,B,B,B
273,267,2,200.1,554.2,-0.751,B,B,B
274,268,2,198.3,553.7,-0.755,B,B,B
275,268,2,196.4,553.2,-0.758,B,B,B
276,269,2,194.6,552.8,-0.761,B,B,B
277,270,2,192.7,552.3,-0.764,B,B,B
278,271,2,190.9,551.8,-0.767,B,B,B
279,272,2,189.0,551.3,-0.769,B,B,B
280,273,2,187.2,550.9,-0.772,B,B,B
281,274,2,185.3,550.4,-0.774,B,B,B
282,275,2,183.4,550.0,-0.776,B,B,B
283,276,2,181.6,549.5,-0.777,B,B,B
284,277,2,179.7,549.1,-0.778,B,B,B
285,278,2,177.9,548.7,-0.779,B,B,B
286,279,2,176.0,548.2,-0.780,B,B,B
287,280,2,174.2,547.8,-0.780,B,B,B
288,281,2,172.4,547.4,-0.780,B,B,B
289,282,2,170.5,547.0,-0.779,B,B,B
290,283,2,168.7,546.6,-0.779,B,B,B
291,284,2,166.9,546.3,-0.778,B,B,B
292,285,2,165.1,545.9,-0.777,B,B,B
293,286,2,163.3,545.5,-0.775,B,B,B
294,287,2,161.5,545.2,-0.774,B,B,B
295,288,2,159.7,544.9,-0.772,B,B,B
296,289,3,157.9,544.5,-0.770,B,B,B
297,291,3,156.2,544.2,-0.769,B,B,B
298,292,3,154.4,543.9,-0.766,B,B,B
299,293,3,152.7,543.6,-0.764,B,B,B
300,294,3,150.9,543.4,-0.762,B,B,B
301,295,3,149.2,543.1,-0.762,B,B,B
302,297,3,147.5,542.9,-0.761,B,B,B
303,298,3,145.8,542.7,-0.760,B,B,B
304,300,3,144.1,542.5,-0.758,B,B,B
305,301,3,142.4,542.3,-0.756,B,B,B
306,303,3,140.7,542.2,-0.753,B,B,B
307,304,3,139.0,542.0,-0.749,B,B,B
308,306,3,137.4,541.9,-0.746,B,B,B
309,308,3,135.7,541.7,-0.745,B,B,B
310,310,3,134.1,541.6,-0.746,B,B,B
311,312,3,132.4,541.4,-0.744,B,B,B
312,314,3,130.8,541.2,-0.739,B,B,B
313,315,3,129.1,541.0,-0.741,B,B,B
314,317,3,127.5,540.7,-0.747,B,B,B
315,318,3,125.8,540.5,-0.759,B,B,B
316,320,3,124.1,540.3,-0.776,B,B,B
317,321,3,122.4,540.1,-0.785,B,B,B
318,322,3,120.7,539.9,-0.794,B,B,B
319,323,3,118.9,539.7,-0.804,B,B,B
320,324,3,117.2,539.5,-0.816,B,B,B
321,325,3,115.4,539.3,-0.830,B,B,B
322,326,3,113.6,539.2,-0.846,B,B,B
323,327,3,111.8,539.0,-0.859,B,B,B
324,328,3,109.9,538.9,-0.871,B,B,B
325,329,3,108.1,538.8,-0.884,B,B,B
326,330,3,106.2,538.7,-0.897,B,B,B
327,331,3,104.3,538.6,-0.909,B,B,B
328,332,3,102.4,538.5,-0.921,B,B,B
329,333,3,100.5,538.4,-0.932,B,B,B
330,334,3,98.6,538.3,-0.942,B,B,B
331,334,3,96.6,538.3,-0.951,B,B,B
332,335,3,94.7,538.2,-0.959,B,B,B
333,336,3,92.7,538.2,-0.965,B,B,B
334,337,3,90.8,538.1,-0.970,B,B,B
335,337,3,88.8,538.1,-0.974,B,B,B
336,338,3,86.9,538.1,-0.976,B,B,B
337,339,3,84.9,538.0,-0.977,B,B,B
338,339,3,83.0,538.0,-0.977,B,B,B
339,340,3,81.0,538.0,-0.976,B,B,B
340,340,3,79.1,538.0,-0.975,B,B,B
341,341,3,77.1,538.0,-0.972,B,B,B
342,342,3,75.2,537.9,-0.970,B,B,B
343,342,3,73.3,537.9,-0.966,B,B,B
344,343,3,71.4,537.9,-0.963,B,B,B
345,343,3,69.5,537.9,-0.959,B,B,B
346,344,3,67.7,537.8,-0.954,B,B,B
347,344,3,65.8,537.8,-0.949,B,B,B
348,345,3,63.9,537.7,-0.944,B,B,B
349,345,3,62.1,537.7,-0.939,B,B,B
350,346,3,60.3,537.6,-0.934,B,B,B
351,346,3,58.4,537.5,-0.928,B,B,B
352,347,3,56.6,537.4,-0.922,B,B,B
353,347,3,54.8,537.3,-0.916,B,B,B
354,348,3,53.1,537.2,-0.909,B,B,B
355,348,3,51.3,537.1,-0.902,B,B,B
356,348,3,49.5,537.0,-0.895,B,B,B
357,349,3,47.8,536.9,-0.887,B,B,B
358,349,3,46.1,536.7,-0.880,B,B,B
359,350,3,44.4,536.6,-0.871,B,B,B
360,350,3,42.7,536.4,-0.862,B,B,B
361,351,3,41.0,536.2,-0.850,B,B,B
362,351,3,39.4,536.0,-0.838,B,B,B
363,351,3,37.8,535.7,-0.825,B,B,B
364,352,3,36.2,535.5,-0.811,B,B,B
365,352,3,34.6,535.2,-0.794,B,B,B
366,353,3,33.1,534.9,-0.774,B,B,B
367,353,3,31.6,534.5,-0.749,B,B,B
368,354,3,30.1,534.1,-0.718,B,B,B
369,354,3,28.8,533.7,-0.683,B,B,B
370,355,3,27.4,533.2,-0.641,B,B,B
371,355,3,26.2,532.7,-0.592,B,B,B
372,356,3,25.0,532.1,-0.525,B,B,B
373,356,3,23.9,531.5,-0.445,B,B,B
374,357,3,22.9,530.7,-0.367,B,B,B
375,357,3,22.1,530.0,-0.282,B,B,B
376,358,3,21.3,529.1,-0.187,B,B,B
377,358,3,20.7,528.2,-0.093,~,~,~
378,359,3,20.2,527.3,0.002,~,~,~
379,359,3,19.8,526.3,0.098,~,~,~
380,360,3,19.6,525.2,0.196,A,A,A
381,360,3,19.5,524.1,0.290,A,A,A
382,361,3,19.5,523.0,0.372,A,A,A
383,362,3,19.6,521.8,0.447,A,A,A
384,362,3,19.8,520.6,0.519,A,A,A
385,363,3,20.2,519.4,0.591,A,A,A
386,364,3,20.7,518.1,0.661,A,A,A
387,364,3,21.3,516.8,0.723,A,A,A
388,365,3,22.0,515.5,0.779,A,A,A
389,366,3,22.9,514.2,0.828,A,A,A
390,366,3,23.8,512.9,0.867,A,A,A
391,367,3,24.9,511.6,0.899,A,A,A
392,368,3,26.0,510.2,0.926,A,A,A
393,368,3,27.2,508.9,0.948,A,A,A
394,369,3,28.5,507.6,0.965,A,A,A
395,370,3,29.9,506.3,0.978,A,A,A
396,371,3,31.2,505.1,0.988,A,A,A
397,372,3,32.7,503.8,0.992,A,A,A
398,372,3,34.1,502.6,0.993,A,A,A
399,373,3,35.6,501.4,0.987,A,A,A
400,374,3,37.1,500.3,0.977,A,A,A
401,375,3,38.6,499.1,0.961,A,A,A
402,376,3,40.0,498.0,0.942,A,A,A
403,377,3,41.4,496.9,0.917,A,A,A
404,378,3,42.8,495.8,0.885,A,A,A
405,379,3,44.0,494.7,0.858,A,A,A
406,380,3,45.2,493.5,0.830,A,A,A
407,381,3,46.2,492.3,0.795,A,A,A
408,382,3,47.2,491.1,0.783,A,A,A
409,383,3,48.0,489.7,0.763,A,A,A
410,384,3,48.7,488.3,0.761,A,A,A
411,385,3,49.3,486.8,0.794,A,A,A
412,386,3,49.9,485.2,0.809,A,A,A
413,387,3,50.4,483.6,0.840,A,A,A
414,388,4,50.8,481.8,0.880,A,A,A
415,389,4,51.3,480.1,0.911,A,A,A
416,390,4,51.7,478.2,0.944,A,A,A
417,390,4,52.2,476.4,0.971,A,A,A
418,391,4,52.6,474.6,0.986,A,A,A
419,392,4,53.1,472.7,0.991,A,A,A
420,393,4,53.6,470.9,0.992,A,A,A
421,393,4,54.1,469.0,0.989,A,A,A
422,394,4,54.6,467.2,0.988,A,A,A
423,395,4,55.2,465.4,0.991,A,A,A
424,395,4,55.7,463.6,0.992,A,A,A
425,396,4,56.4,461.8,0.989,A,A,A
426,397,4,57.0,460.0,0.977,A,A,A
427,397,4,57.7,458.3,0.949,A,A,A
428,398,4,58.4,456.6,0.918,A,A,A
429,398,4,59.2,454.9,0.923,A,A,A
430,399,4,59.9,453.2,0.945,A,A,A
431,399,4,60.7,451.5,0.953,A,A,A
432,400,4,61.6,449.8,0.965,A,A,A
433,401,4,62.4,448.2,0.974,A,A,A
434,401,4,63.3,446.5,0.980,A,A,A
435,402,4,64.2,444.8,0.983,A,A,A
436,402,4,65.1,443.1,0.984,A,A,A
437,403,4,66.0,441.5,0.985,A,A,A
438,403,4,67.0,439.8,0.986,A,A,A
439,404,4,67.9,438.1,0.986,A,A,A
440,405,4,68.8,436.5,0.985,A,A,A
441,405,4,69.7,434.8,0.985,A,A,A
442,406,4,70.6,433.1,0.984,A,A,A
443,407,4,71.5,431.4,0.983,A,A,A
444,407,4,72.4,429.7,0.983,A,A,A
445,408,4,73.3,428.0,0.983,A,A,A
446,409,4,74.2,426.4,0.982,A,A,A
447,409,4,75.1,424.7,0.982,A,A,A
448,410,4,75.9,423.0,0.982,A,A,A
449,411,4,76.8,421.3,0.982,A,A,A
450,411,4,77.7,419.6,0.981,A,A,A
451,412,4,78.5,417.9,0.981,A,A,A
452,413,4,79.4,416.2,0.980,A,A,A
453,413,4,80.2,414.5,0.980,A,A,A
454,414,4,81.0,412.7,0.979,A,A,A
455,415,4,81.8,411.0,0.979,A,A,A
456,416,4,82.6,409.3,0.978,A,A,A
457,416,4,83.3,407.5,0.977,A,A,A
458,417,4,84.0,405.7,0.977,A,A,A
459,418,4,84.7,404.0,0.977,A,A,A
460,419,4,85.5,402.2,0.976,A,A,A
461,420,4,86.2,400.4,0.976,A,A,A
462,420,4,86.9,398.7,0.976,A,A,A
463,421,4,87.6,396.9,0.976,A,A,A
464,422,4,88.4,395.2,0.976,A,A,A
465,423,4,89.1,393.4,0.976,A,A,A
466,424,4,89.9,391.7,0.976,A,A,A
467,425,4,90.7,389.9,0.975,A,A,A
468,426,4,91.5,388.2,0.975,A,A,A
469,427,4,92.3,386.5,0.975,A,A,A
470,428,4,93.1,384.7,0.974,A,A,A
471,429,4,93.9,383.0,0.974,A,A,A
472,429,4,94.8,381.3,0.975,A,A,A
473,430,4,95.7,379.7,0.975,A,A,A
474,431,4,96.7,378.0,0.975,A,A,A
475,432,4,97.7,376.4,0.975,A,A,A
476,433,4,98.8,374.8,0.975,A,A,A
477,434,4,99.8,373.2,0.975,A,A,A
478,435,4,100.9,371.7,0.975,A,A,A
479,436,4,102.0,370.1,0.974,A,A,A
480,437,4,103.1,368.6,0.974,A,A,A
481,438,4,104.2,367.0,0.973,A,A,A
482,438,4,105.3,365.5,0.973,A,A,A
483,439,4,106.4,363.9,0.973,A,A,A
484,440,4,107.6,362.4,0.972,A,A,A
485,441,4,108.7,360.8,0.972,A,A,A
486,442,4,109.8,359.3,0.972,A,A,A
487,442,4,110.9,357.7,0.971,A,A,A
488,443,4,112.0,356.2,0.971,A,A,A
489,444,4,113.1,354.6,0.970,A,A,A
490,445,4,114.2,353.0,0.969,A,A,A
491,445,4,115.3,351.4,0.969,A,A,A
492,446,4,116.3,349.8,0.968,A,A,A
493,447,4,117.3,348.2,0.967,A,A,A
494,448,4,118.3,346.6,0.967,A,A,A
495,448,4,119.3,345.0,0.966,A,A,A
496,449,4,120.3,343.3,0.965,A,A,A
497,450,4,121.2,341.6,0.965,A,A,A
498,450,4,122.1,340.0,0.964,A,A,A
499,451,4,123.1,338.3,0.963,A,A,A
500,452,4,124.0,336.6,0.962,A,A,A
501,452,4,124.9,334.9,0.962,A,A,A
502,453,4,125.8,333.3,0.961,A,A,A
503,454,4,126.6,331.6,0.960,A,A,A
504,454,4,127.5,329.8,0.959,A,A,A
505,455,4,128.3,328.1,0.958,A,A,A
506,456,4,129.2,326.4,0.956,A,A,A
507,456,4,130.0,324.7,0.955,A,A,A
508,457,4,130.8,323.0,0.953,A,A,A
509,458,4,131.5,321.2,0.952,A,A,A
510,458,4,132.3,319.4,0.949,A,A,A
511,459,4,133.0,317.7,0.947,A,A,A
512,460,4,133.7,315.9,0.945,A,A,A
513,461,4,134.4,314.1,0.943,A,A,A
514,461,4,135.0,312.3,0.941,A,A,A
515,462,4,135.6,310.5,0.939,A,A,A
516,463,4,136.1,308.6,0.935,A,A,A
517,464,4,136.6,306.8,0.935,A,A,A
518,465,4,137.0,304.9,0.935,A,A,A
519,465,4,137.3,303.2,0.901,A,A,A
520,466,4,137.6,301.5,0.879,A,A,A
521,467,4,137.8,299.8,0.901,A,A,A
522,468,4,138.0,298.0,0.924,A,A,A
523,469,4,138.2,296.1,0.844,A,A,A
524,470,4,138.3,294.3,0.678,A,A,A
525,471,4,138.4,292.7,0.577,A,A,A
526,472,4,138.4,291.3,0.539,A,A,A
527,473,4,138.5,289.8,0.526,A,A,A
528,474,4,138.5,288.4,0.517,A,A,A
529,475,4,138.5,287.0,0.508,A,A,A
530,477,4,138.5,285.6,0.495,A,A,A
531,479,4,138.5,284.1,0.471,A,A,A
532,481,4,138.4,282.7,0.453,A,A,A
533,483,4,138.2,281.4,0.448,A,A,A
534,487,5,138.2,280.0,0.447,A,A,A
535,489,5,138.1,278.7,0.439,A,A,A
536,492,5,138.2,277.4,0.464,A,A,A
537,494,5,138.3,276.0,0.499,A,A,A
538,496,5,138.5,274.7,0.520,A,A,A
539,498,5,138.8,273.3,0.535,A,A,A
540,499,5,139.1,271.9,0.552,A,A,A
541,501,5,139.6,270.6,0.565,A,A,A
542,502,5,140.1,269.3,0.571,A,A,A
543,503,5,140.7,268.0,0.576,A,A,A
544,505,5,141.4,266.8,0.582,A,A,A
545,506,5,142.2,265.6,0.586,A,A,A
546,507,5,143.0,264.5,0.587,A,A,A
547,508,5,143.8,263.4,0.591,A,A,A
548,509,5,144.8,262.5,0.595,A,A,A
549,510,5,145.7,261.6,0.598,A,A,A
550,511,5,146.8,260.7,0.602,A,A,A
551,512,5,147.8,260.0,0.607,A,A,A
552,513,5,148.9,259.3,0.612,A,A,A
553,514,5,150.1,258.7,0.617,A,A,A
554,515,5,151.3,258.2,0.624,A,A,A
555,516,5,152.5,257.8,0.630,A,A,A
556,517,5,153.7,257.4,0.637,A,A,A
557,518,5,155.0,257.1,0.645,A,A,A
558,518,5,156.3,257.0,0.655,A,A,A
559,519,5,157.6,256.9,0.666,A,A,A
560,520,5,159.0,256.8,0.677,A,A,A
561,521,5,160.3,256.9,0.689,A,A,A
562,522,5,161.7,257.1,0.703,A,A,A
563,523,5,163.1,257.3,0.717,A,A,A
564,524,5,164.5,257.7,0.703,A,A,A
565,525,5,165.8,258.1,0.500,A,A,A
566,525,5,167.2,258.6,-0.296,B,B,B
567,526,5,168.5,259.2,-0.495,B,B,B
568,527,5,169.8,259.9,-0.588,B,B,B
569,528,5,171.0,260.6,-0.618,B,B,B
570,529,5,172.2,261.5,-0.626,B,B,B
571,530,5,173.3,262.3,-0.643,B,B,B
572,531,5,174.3,263.3,-0.657,B,B,B
573,531,5,175.3,264.3,-0.669,B,B,B
574,532,5,176.2,265.4,-0.679,B,B,B
575,533,5,177.1,266.5,-0.691,B,B,B
576,534,5,177.8,267.7,-0.706,B,B,B
577,535,5,178.5,268.9,-0.716,B,B,B
578,536,5,179.2,270.2,-0.729,B,B,B
579,537,5,179.8,271.6,-0.745,B,B,B
580,538,5,180.2,273.0,-0.755,B,B,B
581,539,5,180.7,274.5,-0.771,B,B,B
582,540,5,181.0,276.0,-0.793,B,B,B
583,541,5,181.4,277.6,-0.810,B,B,B
584,542,5,181.7,279.2,-0.826,B,B,B
585,543,5,181.9,280.9,-0.847,B,B,B
586,543,5,182.3,282.6,-0.867,B,B,B
587,544,5,182.6,284.4,-0.883,B,B,B
588,545,5,182.9,286.2,-0.898,B,B,B
589,546,5,183.3,288.1,-0.910,B,B,B
590,547,5,183.7,289.9,-0.920,B,B,B
591,548,5,184.1,291.8,-0.927,B,B,B
592,549,5,184.6,293.7,-0.932,B,B,B
593,549,5,185.1,295.6,-0.934,B,B,B
594,550,5,185.6,297.5,-0.938,B,B,B
595,551,5,186.1,299.4,-0.940,B,B,B
596,552,5,186.7,301.3,-0.942,B,B,B
597,553,5,187.2,303.1,-0.943,B,B,B
598,553,5,187.8,305.0,-0.944,B,B,B
599,554,5,188.4,306.9,-0.945,B,B,B
600,555,6,189.0,308.8,-0.945,B,B,B
601,556,6,189.6,310.7,-0.946,B,B,B
602,556,6,190.2,312.6,-0.947,B,B,B
603,557,6,190.8,314.5,-0.948,B,B,B
604,558,6,191.5,316.4,-0.948,B,B,B
605,559,6,192.1,318.2,-0.949,B,B,B
606,560,6,192.7,320.1,-0.949,B,B,B
607,560,6,193.4,322.0,-0.950,B,B,B
608,561,6,194.0,323.9,-0.950,B,B,B
609,562,6,194.6,325.8,-0.951,B,B,B
610,563,6,195.3,327.7,-0.951,B,B,B
611,564,6,195.9,329.6,-0.951,B,B,B
612,565,6,196.5,331.5,-0.951,B,B,B
613,566,6,197.1,333.3,-0.952,B,B,B
614,566,6,197.7,335.2,-0.952,B,B,B
615,567,6,198.4,337.1,-0.952,B,B,B
616,568,6,199.0,339.0,-0.953,B,B,B
617,569,6,199.6,340.9,-0.954,B,B,B
618,570,6,200.2,342.8,-0.954,B,B,B
619,571,6,200.8,344.7,-0.955,B,B,B
620,572,6,201.4,346.6,-0.956,B,B,B
621,573,6,202.0,348.6,-0.956,B,B,B
622,574,6,202.6,350.5,-0.956,B,B,B
623,575,6,203.1,352.4,-0.956,B,B,B
624,576,6,203.7,354.3,-0.956,B,B,B
625,577,6,204.3,356.3,-0.955,B,B,B
626,578,6,204.8,358.2,-0.954,B,B,B
627,578,6,205.4,360.1,-0.953,B,B,B
628,579,6,205.9,362.0,-0.951,B,B,B
629,580,6,206.4,364.0,-0.949,B,B,B
630,581,6,207.0,365.9,-0.946,B,B,B
631,582,6,207.5,367.8,-0.943,B,B,B
632,583,6,208.0,369.7,-0.940,B,B,B
633,584,6,208.5,371.6,-0.936,B,B,B
634,584,6,209.0,373.5,-0.931,B,B,B
635,585,6,209.4,375.4,-0.927,B,B,B
636,586,6,209.9,377.3,-0.922,B,B,B
637,587,6,210.4,379.2,-0.916,B,B,B
638,588,6,210.8,381.1,-0.911,B,B,B
639,588,6,211.3,382.9,-0.905,B,B,B
640,589,6,211.7,384.8,-0.899,B,B,B
641,590,6,212.1,386.6,-0.892,B,B,B
642,591,6,212.6,388.4,-0.886,B,B,B
643,592,6,213.0,390.2,-0.880,B,B,B
644,592,6,213.4,392.0,-0.873,B,B,B
645,593,6,213.8,393.8,-0.867,B,B,B
646,594,6,214.2,395.5,-0.860,B,B,B
647,595,6,214.6,397.3,-0.853,B,B,B
648,595,6,215.0,399.0,-0.847,B,B,B
649,596,6,215.4,400.7,-0.840,B,B,B
650,597,6,215.8,402.4,-0.833,B,B,B
651,598,6,216.2,404.1,-0.826,B,B,B
652,599,6,216.6,405.8,-0.818,B,B,B
653,599,6,216.9,407.5,-0.811,B,B,B
654,600,6,217.3,409.1,-0.805,B,B,B
655,601,6,217.7,410.7,-0.798,B,B,B
656,602,6,218.1,412.4,-0.792,B,B,B
657,603,6,218.4,414.0,-0.785,B,B,B
658,603,6,218.8,415.6,-0.779,B,B,B
659,604,6,219.2,417.1,-0.772,B,B,B
660,605,6,219.5,418.7,-0.765,B,B,B
661,606,6,219.9,420.2,-0.758,B,B,B
662,607,6,220.3,421.8,-0.752,B,B,B
663,608,6,220.6,423.3,-0.745,B,B,B
664,609,6,221.0,424.8,-0.739,B,B,B
665,610,6,221.4,426.3,-0.733,B,B,B
666,611,6,221.7,427.8,-0.728,B,B,B
667,612,6,222.1,429.2,-0.723,B,B,B
668,613,6,222.5,430.7,-0.718,B,B,B
669,614,6,222.8,432.1,-0.710,B,B,B
670,615,6,223.2,433.5,-0.704,B,B,B
671,616,6,223.6,435.0,-0.697,B,B,B
672,617,6,223.9,436.4,-0.691,B,B,B
673,618,6,224.3,437.7,-0.686,B,B,B
674,619,6,224.7,439.1,-0.681,B,B,B
675,620,6,225.0,440.5,-0.677,B,B,B
676,621,6,225.4,441.9,-0.673,B,B,B
677,623,6,225.7,443.2,-0.669,B,B,B
678,624,6,226.1,444.6,-0.665,B,B,B
679,625,6,226.5,445.9,-0.659,B,B,B
680,626,6,226.8,447.2,-0.653,B,B,B
681,627,6,227.2,448.5,-0.648,B,B,B
682,628,6,227.5,449.8,-0.644,B,B,B
683,629,6,227.9,451.1,-0.640,B,B,B
684,630,6,228.2,452.4,-0.637,B,B,B
685,631,6,228.5,453.7,-0.635,B,B,B
686,632,6,228.9,454.9,-0.633,B,B,B
687,633,6,229.2,456.2,-0.633,B,B,B
688,634,6,229.5,457.5,-0.630,B,B,B
689,635,6,229.9,458.8,-0.626,B,B,B
690,636,6,230.2,460.0,-0.622,B,B,B
691,637,6,230.5,461.3,-0.620,B,B,B
692,638,6,230.8,462.5,-0.618,B,B,B
693,639,6,231.1,463.7,-0.617,B,B,B
694,640,6,231.4,465.0,-0.617,B,B,B
695,641,6,231.7,466.2,-0.618,B,B,B
696,642,6,232.0,467.5,-0.620,B,B,B
697,642,6,232.3,468.7,-0.620,B,B,B
698,643,6,232.5,469.9,-0.620,B,B,B
699,644,6,232.8,471.2,-0.619,B,B,B
700,645,6,233.1,472.4,-0.619,B,B,B
701,646,6,233.4,473.7,-0.620,B,B,B
702,647,6,233.6,474.9,-0.621,B,B,B
703,648,6,233.9,476.1,-0.623,B,B,B
704,649,6,234.2,477.4,-0.625,B,B,B
705,650,6,234.4,478.6,-0.627,B,B,B
706,650,6,234.7,479.9,-0.629,B,B,B
707,651,6,234.9,481.1,-0.630,B,B,B
708,652,6,235.2,482.4,-0.632,B,B,B
709,653,6,235.4,483.7,-0.633,B,B,B
710,654,6,235.7,484.9,-0.635,B,B,B
711,655,6,235.9,486.2,-0.636,B,B,B
712,656,6,236.2,487.5,-0.637,B,B,B
713,657,6,236.5,488.7,-0.640,B,B,B
714,658,6,236.7,490.0,-0.641,B,B,B
715,658,6,237.0,491.3,-0.643,B,B,B
716,659,7,237.2,492.6,-0.644,B,B,B
717,660,7,237.5,493.8,-0.644,B,B,B
718,661,7,237.8,495.1,-0.643,B,B,B
719,662,7,238.1,496.4,-0.642,B,B,B
720,663,7,238.4,497.7,-0.642,B,B,B
721,664,7,238.7,499.0,-0.643,B,B,B
722,664,7,239.0,500.3,-0.642,B,B,B
723,665,7,239.3,501.5,-0.641,B,B,B
724,666,7,239.6,502.8,-0.638,B,B,B
725,667,7,239.9,504.1,-0.635,B,B,B
726,667,7,240.2,505.4,-0.630,B,B,B
727,668,7,240.6,506.7,-0.627,B,B,B
728,669,7,241.0,507.9,-0.624,B,B,B
729,670,7,241.3,509.2,-0.620,B,B,B
730,671,7,241.7,510.5,-0.614,B,B,B
731,671,7,242.1,511.8,-0.607,B,B,B
732,672,7,242.5,513.0,-0.599,B,B,B
733,673,7,242.9,514.3,-0.589,B,B,B
734,674,7,243.3,515.6,-0.581,B,B,B
735,675,7,243.8,516.8,-0.571,B,B,B
736,675,7,244.2,518.1,-0.559,B,B,B
737,676,7,244.7,519.3,-0.544,B,B,B
738,677,7,245.2,520.6,-0.525,B,B,B
739,678,7,245.7,521.8,-0.504,B,B,B
740,679,7,246.2,523.0,-0.480,B,B,B
741,680,7,246.8,524.2,-0.456,B,B,B
742,680,7,247.3,525.5,-0.427,B,B,B
743,681,7,247.9,526.7,-0.394,B,B,B
744,682,7,248.5,527.9,-0.356,B,B,B
745,683,7,249.1,529.0,-0.314,B,B,B
746,684,7,249.7,530.2,-0.270,B,B,B
747,685,7,250.3,531.4,-0.227,B,B,B
748,686,7,251.0,532.5,-0.184,B,B,B
749,686,7,251.7,533.6,-0.142,~,~,~
750,687,7,252.3,534.7,-0.102,~,~,~
751,688,7,253.0,535.8,-0.063,~,~,~
752,689,7,253.7,536.9,-0.024,~,~,~
753,690,7,254.5,537.9,0.012,~,~,~
754,691,7,255.2,539.0,0.047,~,~,~
755,691,7,256.0,540.0,0.080,~,~,~
756,692,7,256.8,541.1,0.113,~,~,~
757,693,7,257.6,542.1,0.146,~,~,~
758,693,7,258.4,543.1,0.177,A,A,A
759,694,7,259.3,544.1,0.205,A,A,A
760,695,7,260.2,545.1,0.231,A,A,A
761,696,7,261.1,546.1,0.256,A,A,A
762,696,7,262.0,547.1,0.282,A,A,A
763,697,7,263.0,548.1,0.307,A,A,A
764,697,7,263.9,549.1,0.331,A,A,A
765,698,7,264.9,550.1,0.355,A,A,A
766,699,7,265.9,551.2,0.379,A,A,A
767,699,7,267.0,552.2,0.404,A,A,A
768,700,7,268.0,553.2,0.430,A,A,A
769,701,7,269.1,554.3,0.457,A,A,A
770,701,7,270.2,555.3,0.486,A,A,A
771,702,7,271.4,556.4,0.515,A,A,A
772,702,7,272.5,557.4,0.545,A,A,A
773,703,7,273.7,558.5,0.574,A,A,A
774,704,7,275.0,559.6,0.602,A,A,A
775,704,7,276.2,560.7,0.631,A,A,A
776,705,7,277.5,561.8,0.661,A,A,A
777,705,7,278.8,563.0,0.691,A,A,A
778,706,7,280.1,564.1,0.718,A,A,A
779,707,7,281.4,565.2,0.745,A,A,A
780,707,7,282.8,566.3,0.772,A,A,A
781,708,7,284.2,567.4,0.798,A,A,A
782,708,7,285.6,568.6,0.821,A,A,A
783,709,7,287.0,569.7,0.844,A,A,A
784,710,7,288.5,570.8,0.864,A,A,A
785,710,7,289.9,571.9,0.882,A,A,A
786,711,7,291.4,573.0,0.897,A,A,A
787,711,7,292.9,574.0,0.910,A,A,A
788,712,7,294.4,575.1,0.919,A,A,A
789,713,7,295.9,576.1,0.926,A,A,A
790,713,7,297.4,577.1,0.930,A,A,A
791,714,7,299.0,578.1,0.932,A,A,A
792,714,7,300.5,579.0,0.931,A,A,A
793,715,7,302.1,579.9,0.928,A,A,A
794,716,7,303.6,580.7,0.924,A,A,A
795,716,7,305.2,581.6,0.918,A,A,A
796,717,7,306.7,582.3,0.910,A,A,A
797,717,7,308.3,583.0,0.902,A,A,A
798,718,7,309.9,583.7,0.892,A,A,A
799,719,7,311.5,584.3,0.881,A,A,A
800,719,7,313.1,584.8,0.869,A,A,A
801,720,7,314.7,585.3,0.857,A,A,A
802,720,7,316.2,585.7,0.843,A,A,A
803,721,7,317.8,586.0,0.830,A,A,A
804,721,7,319.4,586.3,0.818,A,A,A
805,722,7,321.0,586.5,0.805,A,A,A
806,723,7,322.6,586.6,0.791,A,A,A
807,723,7,324.2,586.7,0.779,A,A,A
808,724,7,325.7,586.7,0.768,A,A,A
809,724,7,327.3,586.6,0.754,A,A,A
810,725,7,328.9,586.4,0.741,A,A,A
811,725,7,330.4,586.2,0.730,A,A,A
812,726,7,331.9,585.9,0.719,A,A,A
813,727,7,333.5,585.5,0.705,A,A,A
814,727,7,335.0,585.0,0.692,A,A,A
815,728,7,336.5,584.5,0.680,A,A,A
816,728,7,338.0,583.9,0.666,A,A,A
817,729,7,339.5,583.2,0.651,A,A,A
818,729,7,340.9,582.4,0.636,A,A,A
819,730,7,342.4,581.5,0.622,A,A,A
820,731,7,343.8,580.6,0.603,A,A,A
821,731,7,345.2,579.6,0.585,A,A,A
822,732,7,346.5,578.6,0.565,A,A,A
823,732,7,347.8,577.5,0.543,A,A,A
824,733,7,349.1,576.3,0.516,A,A,A
825,734,7,350.4,575.1,0.488,A,A,A
826,734,7,351.6,573.8,0.456,A,A,A
827,735,7,352.8,572.4,0.416,A,A,A
828,735,7,354.0,571.0,0.368,A,A,A
829,736,7,355.1,569.6,0.311,A,A,A
830,737,7,356.1,568.1,0.242,A,A,A
831,737,7,357.1,566.5,0.155,A,A,A
832,738,7,358.1,565.0,0.049,~,~,~
833,738,7,359.0,563.3,-0.079,~,~,~
834,739,7,359.8,561.7,-0.226,B,B,B
835,740,7,360.6,560.0,-0.384,B,B,B
836,740,7,361.4,558.3,-0.542,B,B,B
837,741,7,362.0,556.6,-0.685,B,B,B
838,741,7,362.7,554.8,-0.795,B,B,B
839,742,7,363.2,553.1,-0.873,B,B,B
840,743,7,363.7,551.3,-0.923,B,B,B
841,743,7,364.2,549.5,-0.953,B,B,B
842,744,7,364.5,547.7,-0.967,B,B,B
843,744,7,364.8,545.9,-0.970,B,B,B
844,745,7,365.1,544.1,-0.969,B,B,B
845,746,7,365.2,542.3,-0.965,B,B,B
846,746,7,365.3,540.5,-0.960,B,B,B
847,747,7,365.3,538.8,-0.955,B,B,B
848,748,7,365.3,537.0,-0.952,B,B,B
849,748,7,365.1,535.2,-0.947,B,B,B
850,749,7,364.9,533.5,-0.943,B,B,B
851,750,7,364.7,531.8,-0.941,B,B,B
852,750,7,364.3,530.0,-0.942,B,B,B
853,751,7,363.9,528.3,-0.939,B,B,B
854,752,7,363.4,526.7,-0.938,B,B,B
855,752,7,362.9,525.0,-0.940,B,B,B
856,753,7,362.2,523.4,-0.944,B,B,B
857,754,7,361.5,521.8,-0.944,B,B,B
858,754,7,360.7,520.2,-0.946,B,B,B
859,755,7,359.9,518.6,-0.949,B,B,B
860,756,7,359.0,517.1,-0.954,B,B,B
861,756,7,358.1,515.6,-0.957,B,B,B
862,757,7,357.0,514.1,-0.959,B,B,B
863,758,7,356.0,512.6,-0.963,B,B,B
864,758,7,354.9,511.1,-0.967,B,B,B
865,759,7,353.8,509.6,-0.969,B,B,B
866,760,7,352.7,508.2,-0.971,B,B,B
867,760,7,351.5,506.8,-0.972,B,B,B
868,761,7,350.3,505.4,-0.972,B,B,B
869,762,7,349.1,504.0,-0.971,B,B,B
870,762,7,347.9,502.6,-0.968,B,B,B
871,763,7,346.7,501.2,-0.965,B,B,B
872,764,7,345.5,499.8,-0.961,B,B,B
873,764,7,344.2,498.5,-0.956,B,B,B
874,765,8,343.0,497.2,-0.950,B,B,B
875,765,8,341.8,495.8,-0.944,B,B,B
876,766,8,340.5,494.6,-0.938,B,B,B
877,767,8,339.3,493.3,-0.931,B,B,B
878,767,8,338.0,492.0,-0.925,B,B,B
879,768,8,336.8,490.8,-0.915,B,B,B
880,768,8,335.6,489.6,-0.906,B,B,B
881,769,8,334.4,488.4,-0.899,B,B,B
882,770,8,333.2,487.2,-0.896,B,B,B
883,770,8,331.9,486.0,-0.894,B,B,B
884,771,8,330.7,484.9,-0.895,B,B,B
885,771,8,329.5,483.7,-0.897,B,B,B
886,772,8,328.3,482.6,-0.891,B,B,B
887,772,8,327.0,481.4,-0.887,B,B,B
888,773,8,325.8,480.3,-0.885,B,B,B
889,773,8,324.6,479.2,-0.885,B,B,B
890,774,8,323.3,478.1,-0.887,B,B,B
891,775,8,322.1,476.9,-0.889,B,B,B
892,775,8,320.8,475.8,-0.894,B,B,B
893,776,8,319.6,474.7,-0.900,B,B,B
894,776,8,318.3,473.6,-0.909,B,B,B
895,777,8,317.0,472.4,-0.921,B,B,B
896,777,8,315.7,471.3,-0.928,B,B,B
897,778,8,314.3,470.1,-0.935,B,B,B
898,778,8,313.0,468.9,-0.942,B,B,B
899,779,8,311.6,467.8,-0.949,B,B,B
900,780,8,310.2,466.6,-0.954,B,B,B
901,780,8,308.8,465.4,-0.958,B,B,B
902,781,8,307.4,464.2,-0.961,B,B,B
903,782,8,306.0,463.1,-0.963,B,B,B
904,782,8,304.5,461.9,-0.963,B,B,B
905,783,8,303.1,460.7,-0.962,B,B,B
906,784,8,301.7,459.5,-0.960,B,B,B
907,784,8,300.2,458.3,-0.956,B,B,B
908,785,8,298.8,457.2,-0.950,B,B,B
909,786,8,297.4,456.0,-0.942,B,B,B
910,786,8,296.0,454.8,-0.933,B,B,B
911,787,8,294.5,453.7,-0.922,B,B,B
912,788,8,293.2,452.6,-0.910,B,B,B
913,788,8,291.8,451.5,-0.897,B,B,B
914,789,8,290.4,450.4,-0.884,B,B,B
915,790,8,289.0,449.3,-0.870,B,B,B
916,791,8,287.7,448.3,-0.856,B,B,B
917,792,8,286.4,447.3,-0.843,B,B,B
918,792,8,285.1,446.3,-0.829,B,B,B
919,793,8,283.7,445.3,-0.815,B,B,B
920,794,8,282.5,444.4,-0.798,B,B,B
921,795,8,281.2,443.5,-0.781,B,B,B
922,796,8,279.9,442.6,-0.767,B,B,B
923,798,8,278.6,441.7,-0.753,B,B,B
924,799,8,277.4,440.9,-0.741,B,B,B
925,800,8,276.2,440.0,-0.722,B,B,B
926,802,8,275.1,439.2,-0.705,B,B,B
927,804,8,273.9,438.5,-0.692,B,B,B
928,806,8,272.8,437.7,-0.684,B,B,B
929,808,8,271.6,436.9,-0.677,B,B,B
930,810,8,270.5,436.2,-0.664,B,B,B
931,811,8,269.4,435.5,-0.657,B,B,B
932,812,8,268.2,434.9,-0.655,B,B,B
933,814,9,267.1,434.2,-0.658,B,B,B
934,815,9,265.9,433.6,-0.663,B,B,B
935,816,9,264.7,433.0,-0.662,B,B,B
936,817,9,263.4,432.4,-0.663,B,B,B
937,817,9,262.2,431.8,-0.665,B,B,B
938,818,9,260.9,431.3,-0.669,B,B,B
939,819,9,259.6,430.8,-0.675,B,B,B
940,820,9,258.3,430.2,-0.679,B,B,B
941,821,9,256.9,429.7,-0.681,B,B,B
942,821,9,255.6,429.2,-0.685,B,B,B
943,822,9,254.2,428.7,-0.691,B,B,B
944,823,9,252.8,428.3,-0.699,B,B,B
945,824,9,251.4,427.8,-0.709,B,B,B
946,824,9,249.9,427.3,-0.717,B,B,B
947,825,9,248.5,426.8,-0.726,B,B,B
948,826,9,247.0,426.3,-0.736,B,B,B
949,827,9,245.5,425.9,-0.748,B,B,B
950,828,9,243.9,425.4,-0.761,B,B,B
951,828,9,242.3,424.9,-0.773,B,B,B
952,829,9,240.7,424.5,-0.786,B,B,B
953,830,9,239.1,424.0,-0.797,B,B,B
954,831,9,237.4,423.5,-0.808,B,B,B
955,832,9,235.8,423.0,-0.817,B,B,B
956,833,9,234.1,422.5,-0.826,B,B,B
957,834,9,232.4,422.0,-0.834,B,B,B
958,835,9,230.7,421.5,-0.840,B,B,B
959,836,9,229.0,421.0,-0.845,B,B,B
960,837,9,227.2,420.4,-0.848,B,B,B
961,838,9,225.5,419.9,-0.850,B,B,B
962,839,9,223.8,419.3,-0.850,B,B,B
963,841,9,222.1,418.8,-0.850,B,B,B
964,842,9,220.3,418.3,-0.849,B,B,B
965,843,9,218.6,417.8,-0.848,B,B,B
966,844,9,216.9,417.4,-0.846,B,B,B
967,845,9,215.2,417.0,-0.842,B,B,B
968,846,9,213.4,416.6,-0.838,B,B,B
969,848,9,211.7,416.3,-0.833,B,B,B
970,849,9,210.0,415.9,-0.824,B,B,B
971,850,9,208.4,415.5,-0.812,B,B,B
972,851,9,206.7,415.1,-0.801,B,B,B
973,851,9,205.1,414.7,-0.790,B,B,B
974,852,9,203.5,414.3,-0.777,B,B,B
975,853,9,202.0,413.9,-0.761,B,B,B
976,854,9,200.5,413.5,-0.743,B,B,B
977,855,9,199.0,413.0,-0.724,B,B,B
978,855,9,197.6,412.6,-0.704,B,B,B
979,856,9,196.2,412.1,-0.683,B,B,B
980,857,9,194.9,411.7,-0.663,B,B,B
981,857,9,193.6,411.3,-0.642,B,B,B
982,858,9,192.3,410.9,-0.619,B,B,B
983,858,9,191.1,410.4,-0.597,B,B,B
984,859,10,190.0,410.1,-0.575,B,B,B
985,860,10,188.9,409.7,-0.554,B,B,B
986,860,10,187.8,409.3,-0.534,B,B,B
987,861,10,186.8,408.9,-0.515,B,B,B
988,861,10,185.8,408.6,-0.499,B,B,B
989,861,10,184.8,408.2,-0.484,B,B,B
990,862,10,183.9,407.9,-0.471,B,B,B
991,862,10,183.0,407.5,-0.457,B,B,B
992,863,10,182.1,407.2,-0.445,B,B,B
993,863,10,181.3,406.9,-0.433,B,B,B
994,864,10,180.5,406.6,-0.423,B,B,B
995,864,10,179.6,406.2,-0.413,B,B,B
996,864,10,178.9,405.9,-0.404,B,B,B
997,865,10,178.1,405.6,-0.395,B,B,B
998,865,10,177.3,405.3,-0.386,B,B,B
999,865,10,176.6,405.0,-0.375,B,B,B
1000,866,10,175.9,404.7,-0.365,B,B,B
1001,866,10,175.2,404.4,-0.356,B,B,B
1002,866,10,174.5,404.1,-0.348,B,B,B
1003,867,10,173.8,403.7,-0.340,B,B,B
1004,867,10,173.2,403.4,-0.334,B,B,B
1005,867,10,172.6,403.1,-0.328,B,B,B
1006,868,10,171.9,402.8,-0.324,B,B,B
1007,868,10,171.3,402.5,-0.319,B,B,B
1008,868,10,170.7,402.2,-0.316,B,B,B
1009,869,10,170.1,401.9,-0.311,B,B,B
1010,869,10,169.5,401.6,-0.302,B,B,B
1011,869,10,168.9,401.3,-0.294,B,B,B
1012,870,10,168.4,400.9,-0.289,B,B,B
1013,870,10,167.8,400.6,-0.284,B,B,B
1014,870,10,167.3,400.3,-0.281,B,B,B
1015,871,10,166.7,400.0,-0.279,B,B,B
1016,871,10,166.2,399.7,-0.278,B,B,B
1017,871,10,165.7,399.4,-0.277,B,B,B
1018,871,10,165.1,399.0,-0.278,B,B,B
1019,872,10,164.6,398.7,-0.280,B,B,B
1020,872,10,164.0,398.4,-0.283,B,B,B
1021,872,10,163.5,398.0,-0.287,B,B,B
1022,873,10,162.9,397.7,-0.292,B,B,B
1023,873,10,162.4,397.3,-0.289,B,B,B
1024,873,10,161.8,397.0,-0.287,B,B,B
1025,874,10,161.2,396.6,-0.286,B,B,B
1026,874,10,160.7,396.2,-0.287,B,B,B
1027,874,10,160.1,395.9,-0.288,B,B,B
1028,875,10,159.5,395.5,-0.291,B,B,B
1029,875,10,159.0,395.1,-0.296,B,B,B
1030,875,10,158.4,394.7,-0.302,B,B,B
1031,876,10,157.8,394.3,-0.310,B,B,B
1032,876,10,157.1,393.9,-0.321,B,B,B
1033,876,10,156.5,393.5,-0.335,B,B,B
1034,877,10,155.8,393.0,-0.346,B,B,B
1035,877,10,155.1,392.6,-0.355,B,B,B
1036,878,10,154.3,392.1,-0.365,B,B,B
1037,878,10,153.6,391.6,-0.376,B,B,B
1038,878,10,152.8,391.1,-0.389,B,B,B
1039,879,10,152.0,390.5,-0.407,B,B,B
1040,879,10,151.1,390.0,-0.435,B,B,B
1041,880,10,150.1,389.4,-0.487,B,B,B
1042,881,10,149.0,388.7,-0.529,B,B,B
1043,881,10,147.8,388.0,-0.555,B,B,B
1044,882,10,146.6,387.2,-0.569,B,B,B
1045,883,10,145.3,386.5,-0.577,B,B,B
1046,883,10,144.0,385.8,-0.582,B,B,B
1047,884,10,142.7,385.1,-0.584,B,B,B
1048,885,10,141.3,384.5,-0.585,B,B,B
1049,886,10,140.0,383.8,-0.587,B,B,B
1050,887,10,138.7,383.2,-0.590,B,B,B
1051,888,10,137.3,382.6,-0.597,B,B,B
1052,888,10,135.9,382.1,-0.607,B,B,B
1053,889,10,134.5,381.5,-0.623,B,B,B
1054,890,10,133.0,380.9,-0.641,B,B,B
1055,891,10,131.5,380.3,-0.653,B,B,B
1056,892,10,129.9,379.8,-0.660,B,B,B
1057,894,10,128.3,379.2,-0.666,B,B,B
1058,895,10,126.6,378.6,-0.688,B,B,B
1059,896,10,124.9,378.0,-0.693,B,B,B
1060,898,10,123.2,377.4,-0.698,B,B,B
1061,899,10,121.4,376.8,-0.700,B,B,B
1062,900,10,119.6,376.3,-0.696,B,B,B
1063,902,10,117.8,375.8,-0.694,B,B,B
1064,903,10,115.9,375.4,-0.695,B,B,B
1065,904,10,114.1,375.0,-0.693,B,B,B
1066,906,10,112.2,374.7,-0.688,B,B,B
1067,907,10,110.2,374.4,-0.680,B,B,B
1068,908,10,108.3,374.2,-0.672,B,B,B
1069,909,10,106.3,374.0,-0.662,B,B,B
1070,910,10,104.4,373.9,-0.652,B,B,B
1071,911,11,102.4,373.8,-0.642,B,B,B
1072,912,11,100.5,373.7,-0.632,B,B,B
1073,913,11,98.6,373.6,-0.623,B,B,B
1074,914,11,96.6,373.6,-0.614,B,B,B
1075,915,11,94.7,373.6,-0.605,B,B,B
1076,916,11,92.7,373.7,-0.597,B,B,B
1077,917,11,90.8,373.8,-0.588,B,B,B
1078,918,11,88.9,374.0,-0.581,B,B,B
1079,919,11,86.9,374.2,-0.574,B,B,B
1080,920,11,85.0,374.4,-0.569,B,B,B
1081,921,11,83.1,374.7,-0.565,B,B,B
1082,922,11,81.2,375.0,-0.562,B,B,B
1083,922,11,79.3,375.4,-0.558,B,B,B
1084,923,11,77.4,375.9,-0.554,B,B,B
1085,924,11,75.6,376.4,-0.546,B,B,B
1086,925,11,73.7,376.9,-0.535,B,B,B
1087,926,11,71.9,377.5,-0.520,B,B,B
1088,927,11,70.1,378.2,-0.502,B,B,B
1089,928,11,68.4,378.9,-0.480,B,B,B
1090,929,11,66.7,379.7,-0.456,B,B,B
1091,930,11,65.0,380.5,-0.430,B,B,B
1092,930,11,63.4,381.4,-0.405,B,B,B
1093,931,11,61.8,382.3,-0.379,B,B,B
1094,932,11,60.3,383.3,-0.353,B,B,B
1095,933,11,58.8,384.3,-0.326,B,B,B
1096,934,11,57.4,385.3,-0.296,B,B,B
1097,935,11,56.0,386.5,-0.267,B,B,B
1098,936,11,54.7,387.6,-0.241,B,B,B
1099,937,11,53.5,388.8,-0.218,B,B,B
1100,939,11,52.3,390.0,-0.187,B,B,B
1101,940,11,51.2,391.2,-0.164,B,B,B
1102,941,11,50.1,392.5,-0.145,~,~,~
1103,942,11,49.2,393.7,-0.115,~,~,~
1104,943,11,48.3,394.8,-0.098,~,~,~
1105,945,11,47.5,395.9,-0.081,~,~,~
1106,946,11,46.8,396.8,-0.067,~,~,~
1107,948,11,46.2,397.7,-0.054,~,~,~
1108,949,11,45.6,398.5,-0.047,~,~,~
1109,951,11,45.2,399.2,-0.042,~,~,~
1110,952,11,44.7,399.9,-0.043,~,~,~
1111,953,11,44.4,400.4,-0.042,~,~,~
1112,955,11,44.0,400.9,-0.043,~,~,~
1113,956,11,43.6,401.5,-0.044,~,~,~
1114,957,11,43.2,402.0,-0.049,~,~,~
1115,958,11,42.7,402.7,-0.054,~,~,~
1116,959,11,42.3,403.4,-0.054,~,~,~
1117,960,11,41.7,404.1,-0.058,~,~,~
1118,961,11,41.1,405.0,-0.048,~,~,~
1119,962,11,40.5,405.9,-0.042,~,~,~
1120,963,11,39.9,406.9,-0.025,~,~,~
1121,964,11,39.4,408.0,-0.004,~,~,~
1122,965,11,38.8,409.2,0.013,~,~,~
1123,966,11,38.3,410.4,0.036,~,~,~
1124,967,11,37.8,411.7,0.056,~,~,~
1125,968,11,37.3,413.0,0.079,~,~,~
1126,969,11,36.9,414.4,0.104,~,~,~
1127,970,11,36.5,415.9,0.124,~,~,~
1128,970,11,36.2,417.3,0.148,~,~,~
1129,971,11,35.9,418.9,0.172,A,A,A
1130,972,11,35.7,420.4,0.192,A,A,A
1131,973,11,35.4,422.0,0.211,A,A,A
1132,973,11,35.3,423.6,0.232,A,A,A
1133,974,11,35.2,425.2,0.255,A,A,A
1134,975,11,35.1,426.9,0.275,A,A,A
1135,976,11,35.1,428.5,0.293,A,A,A
1136,976,11,35.1,430.2,0.311,A,A,A
1137,977,11,35.2,431.9,0.329,A,A,A
1138,978,11,35.3,433.6,0.347,A,A,A
1139,978,11,35.5,435.3,0.366,A,A,A
1140,979,11,35.7,436.9,0.380,A,A,A
1141,980,11,35.9,438.6,0.390,A,A,A
1142,980,11,36.2,440.3,0.395,A,A,A
1143,981,11,36.5,442.0,0.393,A,A,A
1144,982,11,36.9,443.7,0.389,A,A,A
1145,982,11,37.3,445.4,0.378,A,A,A
1146,983,11,37.7,447.1,0.359,A,A,A
1147,984,11,38.2,448.8,0.334,A,A,A
1148,984,11,38.7,450.5,0.308,A,A,A
1149,985,11,39.3,452.2,0.278,A,A,A
1150,986,11,39.9,453.8,0.242,A,A,A
1151,986,11,40.5,455.5,0.205,A,A,A
1152,987,11,41.2,457.1,0.163,A,A,A
1153,988,11,41.9,458.8,0.117,~,~,~
1154,988,11,42.6,460.4,0.069,~,~,~
1155,989,11,43.4,462.0,0.018,~,~,~
1156,990,11,44.2,463.6,-0.037,~,~,~
1157,991,11,45.0,465.1,-0.093,~,~,~
1158,991,11,45.9,466.7,-0.150,B,~,B
1159,992,11,46.8,468.2,-0.210,B,B,B
1160,993,11,47.8,469.8,-0.272,B,B,B
1161,993,11,48.8,471.3,-0.335,B,B,B
1162,994,11,49.8,472.8,-0.396,B,B,B
1163,995,11,50.9,474.2,-0.458,B,B,B
1164,995,11,52.0,475.7,-0.519,B,B,B
1165,996,11,53.2,477.1,-0.578,B,B,B
1166,997,11,54.4,478.5,-0.632,B,B,B
1167,997,11,55.7,479.9,-0.684,B,B,B
1168,998,11,57.0,481.2,-0.731,B,B,B
1169,999,11,58.3,482.5,-0.775,B,B,B
1170,1000,11,59.7,483.7,-0.815,B,B,B
1171,1000,11,61.1,484.9,-0.851,B,B,B
1172,1001,11,62.6,486.0,-0.882,B,B,B
1173,1002,11,64.1,487.0,-0.910,B,B,B
1174,1003,11,65.7,488.1,-0.933,B,B,B
1175,1004,11,67.3,489.0,-0.952,B,B,B
1176,1004,11,68.9,489.9,-0.967,B,B,B
1177,1005,11,70.6,490.7,-0.979,B,B,B
1178,1006,11,72.3,491.4,-0.987,B,B,B
1179,1007,11,74.1,492.0,-0.992,B,B,B
1180,1008,11,75.8,492.6,-0.995,B,B,B
1181,1008,11,77.6,493.1,-0.996,B,B,B
1182,1009,11,79.5,493.5,-0.997,B,B,B
1183,1010,11,81.3,493.8,-0.997,B,B,B
1184,1011,11,83.2,494.0,-0.997,B,B,B
1185,1012,11,85.0,494.1,-0.997,B,B,B
1186,1012,11,86.9,494.2,-0.997,B,B,B
1187,1013,11,88.7,494.2,-0.997,B,B,B
1188,1014,11,90.6,494.1,-0.998,B,B,B
1189,1015,11,92.5,494.0,-0.998,B,B,B
1190,1016,11,94.3,493.8,-0.998,B,B,B
1191,1017,11,96.2,493.6,-0.998,B,B,B
1192,1018,11,98.0,493.4,-0.998,B,B,B
1193,1019,11,99.9,493.1,-0.998,B,B,B
1194,1020,11,101.7,492.8,-0.998,B,B,B
1195,1021,11,103.5,492.4,-0.998,B,B,B
1196,1022,11,105.3,492.0,-0.998,B,B,B
1197,1023,11,107.2,491.5,-0.998,B,B,B
1198,1024,11,109.0,491.1,-0.998,B,B,B
1199,1025,11,110.7,490.5,-0.998,B,B,B
1200,1026,11,112.5,490.0,-0.998,B,B,B
1201,1027,11,114.3,489.3,-0.998,B,B,B
1202,1029,11,116.0,488.7,-0.998,B,B,B
1203,1030,11,117.7,488.0,-0.998,B,B,B
1204,1031,11,119.4,487.2,-0.998,B,B,B
1205,1033,11,121.1,486.4,-0.997,B,B,B
1206,1034,11,122.8,485.5,-0.996,B,B,B
1207,1035,11,124.4,484.6,-0.995,B,B,B
1208,1036,11,126.0,483.8,-0.995,B,B,B
1209,1037,11,127.7,482.8,-0.995,B,B,B
1210,1038,11,129.3,481.9,-0.995,B,B,B
1211,1039,11,130.9,481.0,-0.995,B,B,B
1212,1040,11,132.5,480.1,-0.995,B,B,B
1213,1041,11,134.1,479.2,-0.995,B,B,B
1214,1042,11,135.7,478.2,-0.995,B,B,B
1215,1043,11,137.3,477.3,-0.995,B,B,B
1216,1043,11,138.9,476.3,-0.995,B,B,B
1217,1044,11,140.5,475.4,-0.995,B,B,B
1218,1045,11,142.1,474.4,-0.995,B,B,B
1219,1046,11,143.7,473.5,-0.996,B,B,B
1220,1046,11,145.3,472.5,-0.995,B,B,B
1221,1047,11,146.9,471.5,-0.996,B,B,B
1222,1048,11,148.4,470.5,-0.996,B,B,B
1223,1048,11,150.0,469.5,-0.996,B,B,B
1224,1049,11,151.6,468.5,-0.996,B,B,B
1225,1050,11,153.1,467.5,-0.996,B,B,B
1226,1050,11,154.7,466.4,-0.996,B,B,B
1227,1051,11,156.2,465.4,-0.996,B,B,B
1228,1052,11,157.7,464.3,-0.996,B,B,B
1229,1052,11,159.2,463.2,-0.996,B,B,B
1230,1053,11,160.7,462.1,-0.996,B,B,B
1231,1053,11,162.2,461.0,-0.996,B,B,B
1232,1054,11,163.7,459.9,-0.996,B,B,B
1233,1055,11,165.2,458.8,-0.996,B,B,B
1234,1055,11,166.7,457.6,-0.996,B,B,B
1235,1056,11,168.1,456.5,-0.996,B,B,B
1236,1056,11,169.6,455.3,-0.996,B,B,B
1237,1057,11,171.0,454.2,-0.996,B,B,B
1238,1057,11,172.5,453.0,-0.997,B,B,B
1239,1058,11,173.9,451.8,-0.997,B,B,B
1240,1059,11,175.4,450.6,-0.998,B,B,B
1241,1059,11,176.8,449.4,-0.998,B,B,B
1242,1060,11,178.2,448.3,-0.999,B,B,B
1243,1060,11,179.7,447.1,-0.999,B,B,B
1244,1061,11,181.1,445.8,-1.000,B,B,B
1245,1061,11,182.5,444.6,-1.000,B,B,B
1246,1062,11,183.9,443.4,-1.000,B,B,B
1247,1062,11,185.3,442.2,-1.000,B,B,B
1248,1063,11,186.7,440.9,-1.000,B,B,B
1249,1063,11,188.2,439.7,-1.000,B,B,B
1250,1064,11,189.6,438.5,-1.000,B,B,B
1251,1065,11,191.0,437.3,-0.999,B,B,B
1252,1065,11,192.4,436.0,-0.999,B,B,B
1253,1066,11,193.8,434.8,-0.998,B,B,B
1254,1066,11,195.2,433.6,-0.998,B,B,B
1255,1067,12,196.6,432.4,-0.997,B,B,B
1256,1067,12,198.0,431.2,-0.996,B,B,B
1257,1068,12,199.4,429.9,-0.996,B,B,B
1258,1069,12,200.8,428.7,-0.995,B,B,B
1259,1069,12,202.2,427.5,-0.994,B,B,B
1260,1070,12,203.6,426.3,-0.992,B,B,B
1261,1070,12,205.0,425.1,-0.990,B,B,B
1262,1071,12,206.4,423.9,-0.988,B,B,B
1263,1072,12,207.8,422.7,-0.984,B,B,B
1264,1072,12,209.2,421.4,-0.984,B,B,B
1265,1073,12,210.5,420.2,-0.983,B,B,B
1266,1073,12,211.9,419.0,-0.978,B,B,B
1267,1074,12,213.2,417.7,-0.963,B,B,B
1268,1075,12,214.5,416.6,-0.894,B,B,B
1269,1075,12,215.4,415.7,-0.215,B,B,B
1270,1075,12,215.6,415.6,-0.224,B,B,B
1271,1075,12,215.9,415.3,-0.224,B,B,B
1272,1076,12,216.2,415.0,-0.224,B,B,B
1273,1076,12,216.5,414.7,-0.219,B,B,B
1274,1076,12,216.8,414.4,-0.215,B,B,B
1275,1076,12,217.6,413.6,-0.968,B,B,B
1276,1077,12,218.9,412.3,-0.970,B,B,B
1277,1078,12,220.2,411.0,-0.970,B,B,B
1278,1079,12,221.4,409.7,-0.972,B,B,B
1279,1079,12,222.7,408.4,-0.976,B,B,B
1280,1080,12,224.0,407.1,-0.980,B,B,B
1281,1081,12,225.2,405.8,-0.985,B,B,B
1282,1082,12,226.5,404.5,-0.987,B,B,B
1283,1082,12,227.8,403.2,-0.989,B,B,B
1284,1083,12,229.0,401.9,-0.992,B,B,B
1285,1084,12,230.3,400.6,-0.994,B,B,B
1286,1085,12,231.6,399.3,-0.997,B,B,B
1287,1086,12,232.9,397.9,-0.999,B,B,B
1288,1086,12,234.2,396.6,-1.000,B,B,B
1289,1087,12,235.5,395.3,-1.000,B,B,B
1290,1088,12,236.8,394.1,-0.999,B,B,B
1291,1089,12,238.2,392.8,-0.997,B,B,B
1292,1090,12,239.5,391.5,-0.995,B,B,B
1293,1091,12,240.8,390.2,-0.992,B,B,B
1294,1092,12,242.2,389.0,-0.988,B,B,B
1295,1093,12,243.5,387.8,-0.984,B,B,B
1296,1094,12,244.9,386.5,-0.979,B,B,B
1297,1095,12,246.2,385.3,-0.974,B,B,B
1298,1096,12,247.6,384.1,-0.968,B,B,B
1299,1097,12,248.9,383.0,-0.962,B,B,B
1300,1098,12,250.3,381.8,-0.956,B,B,B
1301,1099,12,251.6,380.6,-0.951,B,B,B
1302,1100,12,252.9,379.5,-0.946,B,B,B
1303,1102,13,254.3,378.4,-0.942,B,B,B
1304,1103,13,255.6,377.3,-0.934,B,B,B
1305,1104,13,257.0,376.2,-0.928,B,B,B
1306,1106,13,258.4,375.1,-0.923,B,B,B
1307,1108,13,259.7,374.1,-0.920,B,B,B
1308,1110,13,261.1,373.0,-0.919,B,B,B
1309,1112,13,262.4,372.0,-0.919,B,B,B
1310,1114,13,263.8,370.9,-0.917,B,B,B
1311,1116,13,265.1,369.9,-0.914,B,B,B
1312,1118,13,266.5,368.9,-0.912,B,B,B
1313,1121,13,267.8,367.8,-0.911,B,B,B
1314,1122,13,269.1,366.8,-0.910,B,B,B
1315,1124,13,270.5,365.7,-0.910,B,B,B
1316,1126,13,271.8,364.7,-0.911,B,B,B
1317,1128,13,273.2,363.7,-0.912,B,B,B
1318,1129,13,274.5,362.6,-0.914,B,B,B
1319,1131,13,275.9,361.6,-0.917,B,B,B
1320,1132,13,277.2,360.5,-0.922,B,B,B
1321,1134,13,278.6,359.4,-0.926,B,B,B
1322,1135,13,280.0,358.3,-0.929,B,B,B
1323,1137,13,281.3,357.3,-0.931,B,B,B
1324,1138,13,282.7,356.2,-0.931,B,B,B
1325,1140,13,284.1,355.1,-0.929,B,B,B
1326,1141,14,285.4,354.0,-0.923,B,B,B
1327,1142,14,286.8,352.9,-0.915,B,B,B
1328,1144,14,288.2,351.8,-0.902,B,B,B
1329,1145,14,289.6,350.7,-0.885,B,B,B
1330,1146,14,290.9,349.6,-0.864,B,B,B
1331,1147,14,292.3,348.5,-0.843,B,B,B
1332,1148,14,293.7,347.4,-0.824,B,B,B
1333,1149,14,295.1,346.3,-0.805,B,B,B
1334,1150,14,296.5,345.2,-0.788,B,B,B
1335,1151,14,297.9,344.1,-0.773,B,B,B
1336,1152,14,299.3,343.0,-0.762,B,B,B
1337,1153,14,300.7,341.9,-0.754,B,B,B
1338,1154,14,302.2,340.8,-0.752,B,B,B
1339,1155,14,303.6,339.6,-0.753,B,B,B
1340,1155,14,305.1,338.5,-0.755,B,B,B
1341,1156,14,306.6,337.5,-0.755,B,B,B
1342,1157,14,308.1,336.4,-0.753,B,B,B
1343,1158,14,309.7,335.3,-0.752,B,B,B
1344,1159,14,311.3,334.3,-0.751,B,B,B
1345,1159,14,312.9,333.3,-0.749,B,B,B
1346,1160,14,314.5,332.3,-0.745,B,B,B
1347,1161,14,316.1,331.3,-0.739,B,B,B
1348,1162,14,317.8,330.4,-0.734,B,B,B
1349,1163,14,319.4,329.5,-0.729,B,B,B
1350,1164,14,321.1,328.7,-0.725,B,B,B
1351,1164,14,322.7,327.9,-0.720,B,B,B
1352,1165,14,324.4,327.1,-0.715,B,B,B
1353,1166,14,326.0,326.4,-0.709,B,B,B
1354,1167,14,327.7,325.8,-0.703,B,B,B
1355,1168,14,329.3,325.2,-0.697,B,B,B
1356,1169,14,331.0,324.6,-0.691,B,B,B
1357,1169,14,332.6,324.1,-0.684,B,B,B
1358,1170,14,334.1,323.7,-0.677,B,B,B
1359,1171,14,335.7,323.3,-0.670,B,B,B
1360,1172,14,337.2,323.0,-0.662,B,B,B
1361,1173,14,338.7,322.7,-0.653,B,B,B
1362,1173,14,340.2,322.5,-0.645,B,B,B
1363,1174,14,341.6,322.4,-0.636,B,B,B
1364,1175,14,343.0,322.3,-0.627,B,B,B
1365,1176,14,344.4,322.3,-0.618,B,B,B
1366,1177,14,345.6,322.3,-0.608,B,B,B
1367,1177,14,346.9,322.5,-0.599,B,B,B
1368,1178,14,348.1,322.6,-0.589,B,B,B
1369,1179,14,349.2,322.8,-0.578,B,B,B
1370,1180,14,350.3,323.1,-0.568,B,B,B
1371,1181,14,351.3,323.5,-0.556,B,B,B
1372,1182,14,352.3,323.9,-0.544,B,B,B
1373,1182,14,353.2,324.3,-0.532,B,B,B
1374,1183,14,354.0,324.9,-0.519,B,B,B
1375,1184,14,354.8,325.4,-0.505,B,B,B
1376,1185,14,355.5,326.1,-0.492,B,B,B
1377,1186,14,356.1,326.8,-0.480,B,B,B
1378,1187,14,356.6,327.5,-0.466,B,B,B
1379,1188,14,357.1,328.3,-0.453,B,B,B
1380,1188,14,357.6,329.1,-0.440,B,B,B
1381,1189,14,357.9,330.0,-0.426,B,B,B
1382,1190,14,358.2,330.9,-0.411,B,B,B
1383,1191,14,358.4,331.9,-0.396,B,B,B
1384,1192,14,358.6,333.0,-0.380,B,B,B
1385,1193,14,358.6,334.0,-0.361,B,B,B
1386,1194,14,358.6,335.1,-0.342,B,B,B
1387,1195,14,358.5,336.3,-0.325,B,B,B
1388,1196,14,358.4,337.5,-0.298,B,B,B
1389,1198,14,358.2,338.7,-0.273,B,B,B
1390,1199,14,357.9,340.0,-0.251,B,B,B
1391,1200,14,357.6,341.3,-0.210,B,B,B
1392,1202,14,357.2,342.6,-0.129,~,~,~
1393,1203,14,356.8,343.9,-0.070,~,~,~
1394,1205,14,356.3,345.3,-0.013,~,~,~
1395,1207,14,355.9,346.8,0.195,A,A,A
1396,1209,14,355.4,348.3,0.259,A,A,A
1397,1211,14,354.9,349.8,0.291,A,A,A
1398,1213,14,354.5,351.4,0.316,A,A,A
1399,1216,14,354.2,353.0,0.264,A,A,A
1400,1220,14,353.9,354.6,0.414,A,A,A
1401,1223,14,353.5,356.3,0.509,A,A,A
1402,1225,14,353.2,357.9,0.556,A,A,A
1403,1227,14,352.7,359.6,0.583,A,A,A
1404,1229,14,352.3,361.2,0.596,A,A,A
1405,1231,15,351.8,362.9,0.602,A,A,A
1406,1232,15,351.4,364.5,0.603,A,A,A
1407,1233,15,350.9,366.1,0.606,A,A,A
1408,1234,15,350.4,367.7,0.610,A,A,A
1409,1235,15,349.9,369.3,0.615,A,A,A
1410,1236,15,349.3,370.9,0.620,A,A,A
1411,1237,15,348.8,372.5,0.620,A,A,A
1412,1238,15,348.2,374.1,0.624,A,A,A
1413,1239,15,347.6,375.6,0.631,A,A,A
1414,1240,15,347.0,377.1,0.639,A,A,A
1415,1241,15,346.3,378.7,0.643,A,A,A
1416,1241,15,345.6,380.1,0.646,A,A,A
1417,1242,15,344.9,381.6,0.654,A,A,A
1418,1243,15,344.2,383.1,0.667,A,A,A
1419,1244,15,343.4,384.5,0.685,A,A,A
1420,1244,15,342.6,386.0,0.699,A,A,A
1421,1245,15,341.8,387.4,0.712,A,A,A
1422,1245,15,340.9,388.8,0.726,A,A,A
1423,1246,15,339.9,390.2,0.742,A,A,A
1424,1247,15,338.9,391.5,0.758,A,A,A
1425,1247,15,337.9,392.8,0.771,A,A,A
1426,1248,15,336.8,394.1,0.785,A,A,A
1427,1249,15,335.7,395.4,0.800,A,A,A
1428,1249,15,334.5,396.7,0.814,A,A,A
1429,1250,15,333.3,397.9,0.826,A,A,A
1430,1250,15,332.1,399.1,0.836,A,A,A
1431,1251,15,330.8,400.3,0.844,A,A,A
1432,1251,15,329.5,401.4,0.852,A,A,A
1433,1252,15,328.1,402.6,0.858,A,A,A
1434,1252,15,326.8,403.7,0.864,A,A,A
1435,1253,15,325.4,404.8,0.868,A,A,A
1436,1254,15,324.0,405.9,0.873,A,A,A
1437,1254,15,322.6,407.0,0.877,A,A,A
1438,1255,15,321.2,408.1,0.880,A,A,A
1439,1255,15,319.7,409.2,0.882,A,A,A
1440,1256,15,318.3,410.3,0.884,A,A,A
1441,1256,15,316.8,411.3,0.885,A,A,A
1442,1257,15,315.4,412.4,0.885,A,A,A
1443,1257,15,314.0,413.5,0.884,A,A,A
1444,1258,15,312.5,414.6,0.883,A,A,A
1445,1258,15,311.1,415.6,0.881,A,A,A
1446,1259,15,309.7,416.7,0.879,A,A,A
1447,1260,15,308.2,417.8,0.877,A,A,A
1448,1260,15,306.8,418.9,0.873,A,A,A
1449,1261,15,305.4,419.9,0.870,A,A,A
1450,1261,15,304.0,421.0,0.868,A,A,A
1451,1262,15,302.7,422.1,0.866,A,A,A
1452,1262,15,301.3,423.2,0.866,A,A,A
1453,1263,15,299.9,424.3,0.867,A,A,A
1454,1264,15,298.6,425.4,0.867,A,A,A
1455,1264,15,297.3,426.5,0.866,A,A,A
1456,1265,15,296.0,427.7,0.865,A,A,A
1457,1265,15,294.7,428.8,0.865,A,A,A
1458,1266,15,293.4,430.0,0.865,A,A,A
1459,1267,15,292.1,431.2,0.867,A,A,A
1460,1267,15,290.8,432.4,0.869,A,A,A
1461,1268,15,289.6,433.6,0.871,A,A,A
1462,1269,15,288.3,434.9,0.873,A,A,A
1463,1270,15,287.1,436.2,0.873,A,A,A
1464,1270,15,285.8,437.4,0.874,A,A,A
1465,1271,15,284.6,438.7,0.875,A,A,A
1466,1272,15,283.4,440.1,0.876,A,A,A
1467,1272,15,282.2,441.4,0.876,A,A,A
1468,1273,15,281.0,442.7,0.876,A,A,A
1469,1274,15,279.8,444.0,0.876,A,A,A
1470,1275,15,278.6,445.4,0.875,A,A,A
1471,1275,15,277.3,446.7,0.874,A,A,A
1472,1276,15,276.1,448.0,0.873,A,A,A
1473,1277,15,274.9,449.4,0.871,A,A,A
1474,1278,15,273.7,450.7,0.869,A,A,A
1475,1278,15,272.6,452.1,0.866,A,A,A
1476,1279,15,271.4,453.4,0.863,A,A,A
1477,1280,15,270.2,454.8,0.860,A,A,A
1478,1281,15,269.0,456.2,0.857,A,A,A
1479,1281,15,267.9,457.5,0.855,A,A,A
1480,1282,15,266.8,458.9,0.854,A,A,A
1481,1283,15,265.6,460.3,0.853,A,A,A
1482,1283,15,264.5,461.7,0.853,A,A,A
1483,1284,15,263.4,463.0,0.849,A,A,A
1484,1285,15,262.3,464.4,0.846,A,A,A
1485,1286,15,261.2,465.8,0.844,A,A,A
1486,1286,15,260.1,467.2,0.843,A,A,A
1487,1287,15,259.0,468.6,0.843,A,A,A
1488,1288,15,257.9,470.0,0.843,A,A,A
1489,1288,15,256.9,471.4,0.845,A,A,A
1490,1289,15,255.8,472.8,0.847,A,A,A
1491,1290,15,254.7,474.2,0.850,A,A,A
1492,1291,15,253.6,475.6,0.854,A,A,A
1493,1292,15,252.5,477.0,0.859,A,A,A
1494,1292,15,251.4,478.4,0.862,A,A,A
1495,1293,15,250.3,479.9,0.865,A,A,A
1496,1294,15,249.2,481.3,0.866,A,A,A
1497,1296,15,248.1,482.7,0.866,A,A,A
1498,1297,15,247.0,484.1,0.866,A,A,A
1499,1298,15,245.9,485.5,0.864,A,A,A
