i0,i1,j0,j1,dmin,npairs,front,pose_i0,pose_i1,pose_j0,pose_j1,intersect
140,154,667,683,5.789,147,j,161,167,683,692,0
155,183,688,706,5.094,317,i,168,191,694,698,0
178,198,649,665,6.765,215,j,187,200,673,682,0
190,200,625,636,9.24,98,j,196,202,655,664,0
209,220,635,650,8.787,153,j,208,215,663,674,0
334,353,999,1018,9.315,156,i,369,389,942,948,0
389,390,1216,1232,14.307,9,i,412,413,1034,1038,0
811,823,1461,1468,11.049,80,i,811,818,1247,1253,0
864,879,1281,1297,10.315,128,j,868,878,1056,1065,0
